<?xml version="1.0" encoding="UTF-8"?>
<project-private xmlns="http://www.netbeans.org/ns/project-private/1">
    <editor-bookmarks xmlns="http://www.netbeans.org/ns/editor-bookmarks/2" lastBookmarkId="0"/>
    <open-files xmlns="http://www.netbeans.org/ns/projectui-open-files/2">
        <group>
            <file>file:/C:/Users/Gyovanna/Dropbox/Nutrição/30-11/NutriMais/src/forms/cadastrarUsuario.java</file>
            <file>file:/C:/Users/Gyovanna/Dropbox/Nutrição/30-11/NutriMais/src/forms/anamnese.java</file>
            <file>file:/C:/Users/Gyovanna/Dropbox/Nutrição/30-11/NutriMais/src/testes/teste.java</file>
            <file>file:/C:/Users/Gyovanna/Dropbox/Nutrição/30-11/NutriMais/src/forms/busca.java</file>
            <file>file:/C:/Users/Gyovanna/Dropbox/Nutrição/30-11/NutriMais/src/forms/antropometria.java</file>
            <file>file:/C:/Users/Gyovanna/Dropbox/Nutrição/30-11/NutriMais/src/forms/cadastrarPaciente.java</file>
            <file>file:/C:/Users/Gyovanna/Dropbox/Nutrição/30-11/NutriMais/src/nutrimais/NutriMais.java</file>
            <file>file:/C:/Users/Gyovanna/Dropbox/Nutrição/30-11/NutriMais/src/forms/buscaPaciente.java</file>
            <file>file:/C:/Users/Gyovanna/Dropbox/Nutrição/30-11/NutriMais/src/forms/servidor.java</file>
            <file>file:/C:/Users/Gyovanna/Dropbox/Nutrição/30-11/NutriMais/src/forms/dietaSemanal.java</file>
            <file>file:/C:/Users/Gyovanna/Dropbox/Nutrição/30-11/NutriMais/src/forms/avNutricional.java</file>
            <file>file:/C:/Users/Gyovanna/Dropbox/Nutrição/30-11/NutriMais/src/forms/principal.java</file>
        </group>
    </open-files>
</project-private>
